,text,review,sentiment
0,"@PSSI mantap.,. pelatih, pemain smua naturalisasi aja min... mudah""an lanjut pengurusnya (di Naturalisasi jg), mantap lah min... lnjutkan",mantap latih main smua naturalisasi min mudah an urus naturalisasi jg mantap min lnjutkan,positif
1,Proses Verifikasi Bakal Petinggi PSSI Diumumkan 31 Januari https://t.co/jmHsmPGJpE,proses verifikasi petinggi umum januari,netral
2,@wirasatriap23 @SekarPandann @BlueHooligan___ yakin? siga nu teu terang wae ah wkwkwk sakitu pssi kuatka siga dinasti keuangan dll tdk transparan ğŸ¤£ğŸ¤£ğŸ¤£,siga nu teu terang wae ah wkwkwk sakitu kuatka siga dinasti uang dll tdk transparan,netral
3,"@aundragdown @PSSleman Nek moro-moro ono wkwkwk 
Omongan PSSI ki koyo maratabak e, wolak walik ğŸ˜",nek moro moro ono wkwkwk omong ki koyo maratabak e wolak walik,netral
4,Tegas! Madura United Tolak Berikan Suara kepada Nama Lama yang Maju Jadi Pengurus PSSI Lagi â€“ Semua Halaman â€“ Bolasport â€“ https://t.co/Q6OsXTG3Qt â€“ #Arenanews #Kamidi #Opsiminfo-https://t.co/McE02Xb21k,madura united tolak suara nama maju urus halaman bolasport arenanews kamidi opsiminfo,positif
5,"Segera Diambil Sumpah WNI, Ketum PSSI Ungkap Harapan ke Shayne Pattynama â€“ Semua Halaman â€“ Bolasport â€“ https://t.co/RGMWTWd1ru â€“ #Arenanews #Kamidi #Opsiminfo-https://t.co/PDwZYKnkke",ambil sumpah wni tum harap shayne pattynama halaman bolasport arenanews kamidi opsiminfo,netral
6,Untuk memimpin PSSI perlu nyali besar.  https://t.co/1HdjsXDO10,pimpin nyali,netral
7,"Lawan  dan  hadapi  mafia  sepakbola. 
Dukung @erickthohir menjadi  Ketua umum PSSI untuk  membangun sepakbola Indonesia lebih maju  dan  berprestasi 
#ButuhNyaliBukanNyala https://t.co/7plAZgNCmp",lawan hadap mafia sepakbola dukung ketua bangun sepakbola indonesia maju prestasi butuhnyalibukannyala,netral
8,"Pasar Simo | Ngaliyan269

EPL ARSENAL MANCHESTER UNITED LIVERPOOL v CHELSEA 0-0 NEWCASTLE CR7 
JOKOWI GANJAR AHOK WALISOLO
NKRI JATENG
MOTOGP DUCATI VR46 MARQUEZ PECCO F1 SCHUMACHER VERSTAPPEN VETTEL
PSSI LIGA 1 PERSIS SOLO PERSEBI BOYOLALI PSIS SEMARANG
MPUSEH ğŸ’™ KEIHL
ğŸ”„17-05 https://t.co/5TBLbkNI1d",pasar simo ngaliyan epl arsenal manchester united liverpool v chelsea newcastle cr jokowi ganjar ahok walisolo nkri jateng motogp ducati vr marquez pecco f schumacher verstappen vettel liga persis solo persebi boyolali psis semarang mpuseh keihl,netral
9,"Harapan besar kepada @erickthohir  untuk benahi PSSI,karena selama ini dianggap PSSI masih kurang optimal dan adanya para pihak yang menjadi penghambat perkembangan sepak bola nasional.#ButuhNyaliBukanNyala https://t.co/aiDjRVLUeK",harap benah anggap optimal hambat kembang sepak bola nasional butuhnyalibukannyala,positif
10,"Kemaren di Australia ricuh fans antara Melbourne City vs Melbourne Victory saat derby day. Tp polisi dan klub cepet nanganin kasusnya. Nggak ada korban meninggal. Kalau dibilang fanatis, luar negeri juga fanatis. Ini Exco PSSI nggak ada yg ngerti fans culture tp sok2an bacot. https://t.co/lRvcpwHBOS",kemaren australia ricuh fans melbourne city vs melbourne victory derby day tp polisi klub cepet nanganin kasus nggak korban tinggal bilang fanatis negeri fanatis exco nggak ngerti fans culture tp sok bacot,negatif
11,"Brandon Scheumann, Bek 17 Tahun Milik PSIS Semarang, Catat Debut Ciamik Lawan Arema FC

#psis #aremafc #Liga1 #PSSI #brandonscheumann
https://t.co/gEGD48ZaE5",brandon scheumann bek milik psis semarang catat debut ciamik lawan arema fc psis aremafc liga brandonscheumann,negatif
12,"Dorongan untuk maju menjadi Ketua Umum PSSI dari berbagai pihak kepada @erickthohir untuk membenahi PSSI secara internal telah mendapat restu dari Presiden.
#ButuhNyaliBukanNyala
https://t.co/7us2PXEtFG",dorong maju ketua benah internal restu presiden butuhnyalibukannyala,positif
13,Tegas! Madura United Tolak Berikan Suara kepada Nama Lama yang Maju Jadi Pengurus PSSI Lagi â€“ Semua Halaman â€“ Bolasport â€“ https://t.co/il720OTgIV â€“ #Arenanews #KamidiÂ #Opsiminfo https://t.co/vsn94urLjV,madura united tolak suara nama maju urus halaman bolasport arenanews kamidi opsiminfo,positif
14,@yoqasetiawan @SiaranBolaLive Yg bikin regulasi pssi yg ngadain kompetisi pssi. Kalau bener semua mana ada supporter turun kelapangan. Yg berpendidikan aja gak bisa bikin bola disini lebih baik. Ngurus tragedi gak becus kompetisi tetep lanjut kasusnya blm selese. masih dibelain juga,bikin regulasi ngadain kompetisi bener supporter turun lapang didik bikin bola ngurus tragedi becus kompetisi tetep kasus blm selese bain,negatif
15,"Segera Diambil Sumpah WNI, Ketum PSSI Ungkap Harapan ke Shayne Pattynama â€“ Semua Halaman â€“ Bolasport â€“ https://t.co/TzoRtG3Hnn â€“ #Arenanews #KamidiÂ #Opsiminfo https://t.co/uHNPr9I922",ambil sumpah wni tum harap shayne pattynama halaman bolasport arenanews kamidi opsiminfo,netral
16,*PSSI Kabupaten Bekasi Bentuk Panitia Pemilihan Ketua Baru* https://t.co/rLKerJ16bF,kabupaten bekas bentuk panitia pilih ketua,netral
17,"KISAH PERSETERUAN RYAN GIGGS DAN KAKA
https://t.co/tV5x5aM1Nm
ğ‚ğ”ğ€ğ ğ‚ğ”ğ€ğ ğ‚ğ”ğ€ğ
ğ‘ğ„ğ†ğˆğ’ğ“ğ„ğ‘ https://t.co/XVD00N5q31
#sekawanbet #astonvilla #arsenal  #sepakbola #mixparlay #parlay #pssi #kanjuruhan #indonesia #serieA #acmilan #intermilan https://t.co/2UgxhKTF01",kisah seteru ryan giggs kaka sekawanbet astonvilla arsenal sepakbola mixparlay parlay kanjuruhan indonesia seriea acmilan intermilan,netral
18,"Sekjen PSSI yakin kalau Erick Thohir bisa mendulang jumlah pemilik suara paling banyak dari bakal calon lainnya berkat pengalaman di dunia olahraga.
#ButuhNyaliBukanNyala https://t.co/CBt8eAWAfx",sekjen erick thohir dulang milik suara calon berkat alam dunia olahraga butuhnyalibukannyala,netral
19,@SiaranBolaLive Mendingan gausah asa pssi dah,mending gausah asa dah,netral
20,"@SiaranBolaLive Kalau ini nda bisa di bantah sih, tapi tetap aja PSSI nda becus dalam mengurus tragedi yg memakan banyak korban jiwa ini",nda bantah sih nda becus urus tragedi makan korban jiwa,negatif
21,@panditfootball Bacot bet anjg punya PSSI juga gak guna tai,bacot bet anjg tai,negatif
22,"@iIhamzada Mohon share info, kalau meninggal dalam stadion itu hukumnya dalam peraturan PSSI atau hukum negara?",mohon share info tinggal stadion hukum atur hukum negara,netral
23,"@bijiiiSalak @MafiaWasit bener. tapi emang PSSI lu udah bener? PSSI lu berpendidikan?
KAGA.",bener emang lu udah bener lu didik kaga,netral
24,@GSR2030 @SiaranBolaLive Prestasi gak ada ngurus tragedi kanjuruhan gak becus. Mendingan yg dibilang kurang pendidikan apa yg minus prestasi blok? Masih aja belain pssi heran gw sama lu bang ğŸ¤£,prestasi ngurus tragedi kanjuruhan becus mending bilang didik minus prestasi blok bain heran gw lu bang,positif
25,apa yang sdh dilakukan pssi agar fans klub jd lbh well educated? do nothing...jd pssi kuwi mung nggedekne waduke dewe2 ... organisasi dibenahi bukan untuk aktualisasi politisi https://t.co/IgWP1jMiXO,sdh fans klub jd lbh well educated do nothing jd kuwi mung nggedekne waduke dewe organisasi benah aktualisasi politis,positif
26,@IkhwanusSafad12 @paratuka @MafiaWasit La petinggi pssi nya jg org klub nya wkwkwkw,la petinggi jg org klub wkwkwkw,netral
27,"Maju Caketum PSSI, Erick Thohir Diklaim Kantongi 60 Voters https://t.co/PjrJQqnhz8",maju caketum erick thohir klaim kantong voters,positif
28,"Erick Thohir memastikan adanya ketegasan dalam kepemimpinan PSSI jika dia terpilih jadi ketua umum PSSI. Erick Thohir akan membuat peraturan baru untuk menjaga kebersihan PSSI
#ButuhNyaliBukanNyala
#BangkitBersamaET https://t.co/7hRZ1Ms1ci",erick thohir tegas pimpin pilih ketua erick thohir atur jaga bersih butuhnyalibukannyala bangkitbersamaet,positif
29,"Erick Thohir menegaskan bahwa tidak adanya keberpihakan jika dia terpilih sebagai ketua umum PSSI.tidak ada konflik kepentingan dalam pengurusan PSSI
#ButuhNyaliBukanNyala
#BangkitBersamaET https://t.co/T7B8LVDYow",erick thohir pihak pilih ketua konflik penting urus butuhnyalibukannyala bangkitbersamaet,netral
30,"Idealnya yg jadi exco pssi ini ngerti bola, lebih modern dan ga kolot2 macam bapa. Sama minimal punya malu lah. https://t.co/xYfw9nJdL2",ideal exco ngerti bola modern kolot bapa minimal malu,netral
31,"Kongres PSSI menjadi menarik dengan munvy menteri BUMN Erick Thohir dan menpora Zainudin Amali
#ButuhNyaliBukanNyala
#BangkitBersamaET https://t.co/avyZpPPgcm",kongres tarik munvy menteri bumn erick thohir menpora zainudin amal butuhnyalibukannyala bangkitbersamaet,positif
32,"Erick Thohir menyiapkan agenda bersih-bersih PSSI. Ada aturan bagi siapapun yang mencoreng nama baik sepakbola Indonesia
#ButuhNyaliBukanNyala
#BangkitBersamaET https://t.co/xtQQntGEQV",erick thohir agenda bersih bersih atur coreng nama sepakbola indonesia butuhnyalibukannyala bangkitbersamaet,negatif
33,"@CNNIndonesia @PSSI 1 jari kau tuduhkan, 4 jari kena muka kalian..",jari kau tuduh jari kena muka,negatif
34,@SiaranBolaLive PSSI Kalo ngasih sangsi yg tegas juga biar ada efek jera buat para supporter,kalo ngasih sangsi biar efek jera supporter,negatif
35,@SiaranBolaLive Yoes mben enek event pssi rasah nggo suporter ae nho,yoes mben enek event rasah nggo suporter ae nho,negatif
36,@FaktaSepakbola Mimpi kali loh di pilih jdi waktum Pssi,mimpi kali loh pilih jdi waktum,netral
37,Gak PSSI gak FIGC podo ae ğŸ‘ https://t.co/bLztFHFWHS,figc podo ae,netral
38,"@SiaranBolaLive Pejabat @PSSI nya saja yang goblok..berpendidikan tapi ya itu, goblok.",jabat goblok didik goblok,negatif
39,KLB PSSI,klb,netral
40,"Andai Terpilih Jadi Ketum PSSI, Erick Thohir Tertarik Pasang VAR di Liga Indonesia #LengkapCepatBeritanya #Bola #SepakBola #LigaIndonesia #SepakbolaNasional . https://t.co/XrOTl2PQOb",andai pilih tum erick thohir tarik pasang var liga indonesia lengkapcepatberitanya bola sepakbola ligaindonesia sepakbolanasional,netral
41,"Punya pengalaman mumpuni di dunia olahraga Pak Erick Thohir dinilai sekjen PSSI mampu memberikan yang terbaik untuk sepakbola Indonesia ğŸ‡®ğŸ‡©

#ButuhNyaliBukanNyala https://t.co/cmPENmJDMT",alam mumpuni dunia olahraga erick thohir nilai sekjen baik sepakbola indonesia butuhnyalibukannyala,positif
42,"@rejekinggakeman @detikcom @LaNyallaMM1 Mau tanya, waktu beliau ketua pssi program yg sukses dan belum jalan apa?",beliau ketua program sukses jalan,positif
43,@tomy_chrenz @SiaranBolaLive Dari awal sistem nya yg salah.. Memang benar orang Indo kurang pendidikan jdi kualitas sistem yg di buat PSSI sesuai dgn kualitas pendidikan nya,chrenz sistem salah orang indo didik jdi kualitas sistem sesuai dgn kualitas didik,positif
44,@SiaranBolaLive sama pssi juga hehe,hehe,netral
45,"Cabor Desak Menpora Amali Mundur Sebagai Cawaketum PSSI, Dinilai Prestasi Olahraga Moncer Saat Dikomandoinya 

https://t.co/Dcw1fgVfxz #lanyallaforpssi",cabor desak menpora amal mundur cawaketum nilai prestasi olahraga moncer komando lanyallaforpssi,netral
46,"@VIVAcoid Maksudnya s duetin buat jadi ketua dan wakil PSSI,gtu?? Saya sangat setuju",maksud s duetin ketua wakil gtu tuju,netral
47,"Polling: Siapa Bakal Calon Ketua Umum PSSI Pilihanmu? https://t.co/nzbcczJnZq

vote #lanyalla",polling calon ketua pilih vote lanyalla,netral
48,"Prestasi Olahraga Meroket di Tangan Zainudin Amali, Menpora Diminta Mundur dari Cawaketum PSSI 

https://t.co/6VNdKee9rD",prestasi olahraga roket tangan zainudin amal menpora mundur cawaketum,positif
49,@UpdateBolabola Dan ketum pssi masih ibul,tum ibul,netral
50,"@SiaranBolaLive Boleh saja dan sah2 saja anggota @excoPSSI bilang gt.
Dan suporter juga boleh dan sah2 saja bilang @PSSI dan @excoPSSI GAK BECUS URUS LIGA DAN SEPAKBOLA DI NEGERI INI.

NAH, KAN SAMA2 GAK BECUS,, YA RUBAH LAH.. MINIMAL MENTAL KALIAN SEMUA LAH. KLO @PSSI sama @excoPSSI YA DI GANTI",sah anggota bilang gt suporter sah bilang becus urus liga sepakbola negeri becus rubah minimal mental klo ganti,positif
51,"@CNNIndonesia Bubar aja kalian PSSI, APAKAH MENJADI SUPPORTER ADA SEKOLAH WAJIB NYA????",bubar supporter sekolah wajib,negatif
52,"@MayaA62580468 Kalo pak Eric kagak kepilih oleh para voter,fix PSSI sedang tidak baik2 saja",kalo eric kagak pilih voter fix,netral
53,"Masih mo nonton bola ?
ğŸ˜¤

Sidang Kanjuruhan, PSSI Sebut Suporter Indonesia Kurang Pendidikan https://t.co/2tSmJXMxPS",mo nonton bola sidang kanjuruhan suporter indonesia didik,positif
54,@dianoaxl @tanpajerawat @dosolsollami @PSSI Ini mau maen bola apa ajang gud luking,maen bola ajang gud luking,netral
55,@VIVAcoid Erick Tohir lebih cocok jadi ketua pssi,erick tohir cocok ketua,positif
56,"@SiaranBolaLive jangan sampe mereka jadi pinter, ntar pssi gada pemasukan",sampe pinter ntar gada pasu,netral
57,"Erick Thohir Calonkan Diri Jadi Ketum PSSI, Simak 5 Fakta Menariknya : Okezone Economy https://t.co/tKHmysVWGf",erick thohir calon tum simak fakta tarik okezone economy,positif
58,@diazlikeun @SekarPandann @ardynshufi Emang pami bayar denda ka PSSI nganggo artos club/artos subsidi PSSI kanggo ka club?  Serius ieu abi kirang paham. :(,emang pami bayar denda ka nganggo artos club artos subsidi kanggo ka club serius ieu abi kirang paham,positif
59,"@panditfootball Sudahlah, saya berhenti mendukung @PSSI dan akan sangat menghargai kalau semua orang berhenti juga. Sudah jelas jelas korup, apalagi yg mau diharapkan.",henti dukung harga orang henti korup harap,netral
60,"Suporter sama pssi, sama aja https://t.co/QbY78KSE6S",suporter,netral
61,Kalau emg tau kondisi dan latar belakang suporter sepakbola Indonesia ya harus tau gimana cara kerjanya sebagai pengurus. Itu sudah tau semua bagian dr PSSI berarti pedidikan anda juga kureng.,emg tau kondisi latar suporter sepakbola indonesia tau gimana kerja urus tau dr didik reng,positif
62,"Pak yg pendidikan tinggi lihatnya ke Eropa liga inggris atau spanyol, karna tau kualitas sepakbola yg dinaungi PSSI kureng bgt. Mrka yg anda sebut kurang pendidikan support dr level klub sampai timnas lo smpai skrg tp ga ada perubahan kualitas kalian emg RENDAH bgt sbg pengurus. https://t.co/eCweaLbZQE",didik lihat eropa liga inggris spanyol karna tau kualitas sepakbola naung reng bgt mrka didik support dr level klub timnas lo smpai skrg tp ubah kualitas emg rendah bgt sbg urus,positif
63,"@panditfootball Kl ini bapak naik lagi di pssi, perlu diruqyah sih voters"" yg milih",kl diruqyah sih voters milih,netral
64,BBM D6000502 BolaUtama Agen Piala Dunia #SepakBolaIndonesia #ISL #PSSI,bbm d bolautama agen piala dunia sepakbolaindonesia isl,netral
65,Erick Thohir menyinggung voters dan sepak bola yang bersih jelang Kongres Luar Biasa (KLB) PSSI. #PSSI https://t.co/SgGGs1AG34,erick thohir singgung voters sepak bola bersih jelang kongres klb,netral
66,@SiaranBolaLive PSSI sebut : â€œaku juga kurang kokâ€,,netral
67,@txtdrimedia Ketum pssi ny stres,tum ny stres,negatif
68,"Antar Erick Thohir Daftar Calon Ketua Umum PSSI, Kaesang: Niatnya Bagus https://t.co/y2GNuFcYg9",erick thohir daftar calon ketua kaesang niat bagus,positif
69,@sutengil @PSSI Ojo di pilih ae king,ojo pilih ae king,netral
70,PSSI sok ngasih edukasi teu ajig https://t.co/0LFbpc02oK,sok ngasih edukasi teu ajig,netral
71,Menteri BUMN Erick Thohir menyinggung perihal kekompakan mengenai dirinya yang maju menjadi calon Ketua Umum PSSI. #ErickThohir https://t.co/m4ZkUvUHLn,menteri bumn erick thohir singgung perihal kompak maju calon ketua erickthohir,positif
72,@Bola_Jakarta Ngutek ora su @PSSI,jakarta ngutek ora su,netral
73,"Antar Erick Thohir Daftar Calon Ketua Umum PSSI, Kaesang: Niatnya Bagus https://t.co/cxIfzk4YGj #TempoSport",erick thohir daftar calon ketua kaesang niat bagus temposport,positif
74,@panditfootball Idealnya Ahmad Riyadh ini dibuang aja dari PSSI,ideal ahmad riyadh buang,positif
75,"@MafiaWasit itu pssi juga salah g tegas knp g diberi hukuman klub &amp; suporternya di bekukan ato degragasi ato g boleh ada kegiatan sepak bola selama yg ditentukan misal 10 thn.
pssi sebagai federasi diem wae ga tegas anjg mending bubarin semua nya sekalian aja g usah ada sepakbola profesional",salah g knp g hukum klub amp suporter beku ato degragasi ato g giat sepak bola tentu thn federasi diem wae anjg mending bubarin g sepakbola profesional,positif
76,@garagarabola_ Ga kebayang sih kalo waktu itu pssi sabar buat pertahanin luis milla,bayang sih kalo sabar pertahanin luis milla,positif
77,"@wahju_wibowo @SiaranBolaLive @PSSI @AremafcOfficial Di kasus ini PSSI mau membenarkan jika org2 PSSI tak bersalah krn mereka ini org2 terdidik, berbeda dgn suporter, mau digeneralisir pun ok Aremania, trs PSSI mau apa? Menghukum Arema. Lupa kalo yg punya Arema org PSSI juga?",wibowo benar org salah krn org didik beda dgn suporter digeneralisir ok aremania trs hukum arema lupa kalo arema org,positif
78,@Sport77Official Percuma sih kita ngetag akun PSSI gabakal di baca palingan di liat notice abis itu di close ğŸ¤£,sih ngetag akun gabakal baca paling liat notice abis close,netral
79,"@gilangaaf @Rafi37483830 @SiaranBolaLive Ngapain di tanggepin, orang anggota PSSI nya aja gak berpendidikan, kok malah kita ributin sih",ngapain tanggepin orang anggota didik ributin sih,positif
80,PSSI itu makhluk apaan ya https://t.co/cwXhEzrQ4M,makhluk,netral
81,"@SiaranBolaLive Kayak pengurus PSSI nya berpendidikan aja, sadar diri hey",kayak urus didik sadar hey,positif
82,"@paradoks__404 @SiaranBolaLive Etssss inget kata org PSSI bang, kalo suporter pd damai trs apa yg mau di jual selain prestis yg di miliki suporter, PSSI ga cuan , ente ini di didik PSSI utk saling bermusuhan biar sepak bola bisa di jual",etssss inget org bang kalo suporter pd damai trs jual prestis milik suporter cuan ente didik utk musuh biar sepak bola jual,positif
83,"@ch_chotimah2 @erickthohir Berkat @erickthohirlah Indonesia bisa terbebas dari sanksi FIFA. 
Pak @erickthohir adalah orang yang tepat untuk membawa PSSI dan persepakbolaan Indonesia jadi lebih maju.
#ButuhNyaliBukanNyala",chotimah berkat indonesia bebas sanksi fifa orang bawa persepakbolaan indonesia maju butuhnyalibukannyala,netral
84,"@SiaranBolaLive kalau suporter dibilang kek gitu.
Berarti PSSI juga KURANG OTAK CERDAS.
GOBLOK NGELOLA PEMBINAAN - LIGA. 

PENTINGNYA NGACA @PSSI",suporter bilang kek gitu otak cerdas goblok ngelola bina liga ngaca,netral
85,@panditfootball Orang ini mulutnya kudu ditajong pakai sepatu pantopel biar gak tong kosong nyaring bunyinya doang. Kebanyakan pencitraan ngga ada hasil kerjanya. @pssi kontol,orang mulut kudu ditajong pakai sepatu pantopel biar tong kosong nyaring bunyi doang banyak citra ngga hasil kerja kontol,positif
86,"@CNNIndonesia pssi kurang prestasi.
what an asshole statement",prestasi what an asshole statement,positif
87,"@VIVAcoid Ini  jawaban, kenapa Portal berita bola akhirÂ² ini sering Rusuh, ketika ada yang mengatakan erik tohir sebagai orang Politik, terkait pencalonannya sebagai ketua umum PSSI..",portal berita bola rusuh erik tohir orang politik kait calon ketua,negatif
88,@daniieelaseven pssi,,netral
89,"@iIhamzada Disini kita lebih diajarkan bagaimana caranya mengkambinghitamkan tanpa perlu adanya introspeksi, contoh; ""suporter kita kurang pendidikan"" Tidak ada asap kalo tidak ada api, padahal mereka (pssi) sendiri lah akar permasalahannya.",ajar mengkambinghitamkan introspeksi contoh suporter didik asap kalo api akar masalah,netral
90,"@PSSI smua pemain sekaligus di ajak, apa yg di dalam negeri pemain kurang vitamin...ğŸ˜‚",smua main ajak negeri main vitamin,netral
91,"@SiaranBolaLive Perlu banget seret menteri pendidikan di meja sidang, minta pertanggung jawaban sekalian. Ga pssi ga wasitnya, offside teros",banget seret menteri didik meja sidang tanggung wasit offside ros,netral
92,"@adrielbramanda @Hypatia212 @SiaranBolaLive Yg mengelola sepakbola negeri ini siapa?
Apakah PSSi sudah melaksanakan regulasi dgn baik, bahwa tdk boleh ada gas air mata di dalam stadion.
Apakah Pssi sudah melakukan verifikasi Stadion Kanjuruhan? 
Soal suporter udah ada aturannya kok di uu keolahragaan, tinggal diikuti aja.",kelola sepakbola negeri laksana regulasi dgn tdk gas air mata stadion verifikasi stadion kanjuruhan suporter udah atur uu olahraga tinggal ikut,netral
93,"Minta Zainudin Amali Mundur Sebagai Cawaketum PSSI, Budiman: Menpora Terbaik dan Punya Konsep https://t.co/hRKe5g8oti",zainudin amal mundur cawaketum budiman menpora baik konsep,positif
94,"Minta Zainudin Amali Mundur Sebagai Cawaketum PSSI, Budiman: Menpora Terbaik dan Punya Konsep https://t.co/ZYhdxYi8Ui",zainudin amal mundur cawaketum budiman menpora baik konsep,positif
95,@PSSI Naturalisasi terus prestasi NOL BESAR,naturalisasi prestasi nol,positif
96,"@LM_Alfatih @CNNIndonesia gw setuju bro pndpat loe, sporter di negri ini mental cengeng, mau nya team dia menang trus,pas kalah ngamuk.. 
tpi PSSI jiga salah, dan itu dr dlu gk ada prkembngan sma skli..",alfatih gw tuju bro pndpat loe sporter negri mental cengeng team menang trus pas kalah ngamuk tpi jiga salah dr dlu gk prkembngan sma skli,negatif
97,@faisalulyn @SiaranBolaLive @PSSI nya yg kurang akhlak,akhlak,netral
98,"@SekarPandann @ardynshufi nah eta ang euy, ongkoh geleuh ka pssi nyebut mata duitan ka pssi tapi disatu sisi kadang nyieun piduiteun wae keur pssi",eta ang euy ongkoh geleuh ka nyebut mata duit ka satu sisi kadang nyieun piduiteun wae keur,netral
99,"Selama tidak ada regulasi &amp; sanksi yang jelas, membangun, dan TEGAS!
Sepakbola nasional hanya akan begini begitu saja.
PSSI punya peran dibalik stagnasi (atau kalau mau dibilang Kemunduran) Sepnas. https://t.co/qaMSN09uTk",regulasi amp sanksi bangun sepakbola nasional peran balik stagnasi bilang mundur sepnas,negatif
100,"@txtdrimedia Jika pssi bilang supporter indonesia kurang pendidikan,ya berarti mereka yang punya pendidikan tinggi yang di tunjuk untuk menjadi,panpel,ketua pssi,menjaga keamanan dll,tugas kalian ya menjalankan semuanya dengan baik,karna kalian di bayar untuk menjalankan semuanyadengan Baik",bilang supporter indonesia didik didik panpel ketua jaga aman dll tugas jalan karna bayar jalan semuanyadengan,positif
101,"@SiaranBolaLive Kalo bicara sebagian besar,kayaknya iya..
tapi kalo semua? ya enggak juga ya mas pssi :)",kalo bicara kayak iya kalo mas,netral
102,"@PSSI PSSI RUSAK sistemnya.. liga 2 dan 3 dihentikan...yg rapat buang2 waktu, tenaga, pikiran, dan menyengsarakan para klub dan pemain di liga2 tsb.",rusak sistem liga henti rapat buang tenaga pikir sengsara klub main liga tsb,negatif
103,@CNNIndonesia kabeh salah! lebih salah maneh @PSSI !!!,kabeh salah salah maneh,negatif
104,"@kang_kasur @evildance_ @idextratime kalo mau haaland, Odegaard main di pildun, suruh ole latih Norwegia. aneh pssi Norwegia gak pake ole.",kasur kalo haaland odegaard main pildun suruh ole latih norwegia aneh norwegia pake ole,negatif
105,"Gak ada lawan
Cuma Erick Thohir terbaik sbg Calon Ketum PSSI

@erickthohir
#ButuhNyaliBukanNyala https://t.co/Rwmdt4g8mh",lawan erick thohir baik sbg calon tum butuhnyalibukannyala,netral
106,"Kalo mau bikin pengalihan isu ga usah cara basi seperti rezim ini neolib jangan mau jadi boneka mamarika rezin asing aseng bla2.. mau bikin rakyat senang setel aja liga bola PSSI semegah superbowl  seperti ini contohnya
https://t.co/Oppvm7Ip7N",kalo bikin alih isu basi rezim neolib boneka mamarika rezin asing aseng bla bikin rakyat senang setel liga bola megah superbowl contoh,negatif
107,Liga Germany ( BolaUtama ) #SepakBolaIndonesia #ISL #PSSI,liga germany bolautama sepakbolaindonesia isl,netral
108,"Keren niy 
Berita hangat !!  Erick Thohir jamin kantongi Restu dari Presiden Jokowi untukaju sbg Caketum PSSI.  Simak Kuy 
https://t.co/Q8PLeaql4l 
@erickthohir
#ButuhNyaliBukanNyala",keren niy berita hangat erick thohir jamin kantong restu presiden jokowi untukaju sbg caketum simak kuy butuhnyalibukannyala,positif
109,@erickthohir @PSSI Bntu follow yu,bntu follow yu,netral
110,"@bim_dr @AndiePeci Dagelan PSSI tuh sebenarnya sdh mencapai puncaknya saat kanjuruhan kemarin, pemberhentian liga 2 dan liga 3 tuh ibarat cherry on the top of the topping alias semakin mempertegas dagelan nya PSSI",dr dagel tuh sdh capai puncak kanjuruhan kemarin henti liga liga tuh cherry on the top of the topping alias tegas dagel,positif
111,"@tanpajerawat @dosolsollami @PSSI Nadeo bagus buat tampilan kita, biar agak seger. Bukan maksud rasis yaa, karena sy suka tampilan nadeo yg keknya ada keturuan mana gtuğŸ¤£ğŸ¤£ Klo ganti riyandi boleh dicoba, kemarin trisna aja panik lawan filipin. Sty ini ga liat riyandi top clean sheets di liga 1ğŸ¤£",nadeo bagus tampil biar seger maksud ras yaa sy suka tampil nadeo kek keturuan gtu klo ganti riyandi coba kemarin trisna panik lawan filipin sty liat riyandi top clean sheets liga,netral
112,Ahmad Riyadh Yunus Nusi Ki wong wong an tai neng pssi https://t.co/4iBhybonBy,ahmad riyadh yunus nus ki an tai neng,negatif
113,"Teruji Kualitas dan Kapabilitias nya untuk menjadi Ketum PSSI

@erickthohir
#ButuhNyaliBukanNyala https://t.co/hlyt4zCSh4",uji kualitas kapabilitias tum butuhnyalibukannyala,netral
114,"Nyali  jangan diragukan !!
Erick Thohir layak dong jadi Ketum PSSI dan banyak dukungan.  
@erickthohir
#ButuhNyaliBukanNyala https://t.co/FENqD4pawe",nyali ragu erick thohir layak tum dukung butuhnyalibukannyala,netral
115,"@AndiePeci Kok gue malah merasa justru bagus ya kalo antusiasme rakyat Indonesia sama sepakbola lokal tuh makin hari makin turun, selain sebagai media jera buat PSSI juga supaya pikiran orang indo tuh terbuka dikit kalo hiburan olahraga tuh gak cm sepakbola doang

Terima kasih kanjuruhan",gue bagus kalo antusiasme rakyat indonesia sepakbola lokal tuh turun media jera pikir orang indo tuh buka dikit kalo hibur olahraga tuh cm sepakbola doang terima kasih kanjuruhan,positif
116,"@GhaneshRM @FaktaSepakbola opini lu ok, kenapa gag nyalon ketum PSSI.....",opini lu ok gag nyalon tum,positif
117,"@PSSI kurang pengetahuan, cuman paham kekuasaan !!! https://t.co/JB6u23iXp3",tahu cuman paham kuasa,positif
118,"Selalu ciptakan Harmoni, Erick Thohir diyakini jadikan PSSI pasti berprestasi dan dengan pengalamannya di dunia sepakbola akan bisa menaikkan level timnas
@erickthohir 
#BangkitBersamaET https://t.co/uLTj4gUKMS",cipta harmoni erick thohir yakin jadi prestasi alam dunia sepakbola naik level timnas bangkitbersamaet,positif
119,"Dengan elektabilitas yang udah lumayan, Erick Thohir tentu membutuhkan dorongan lebih untuk memuluskan jalannya berkompetisi pada pemilu 2024. Dari sekian wahana yang bisa dimanfaatin, sepak bola menjadi pilihan yang ideal untuknya. #TerminalMojok https://t.co/VmnQysutWb",elektabilitas udah lumayan erick thohir butuh dorong mulus jalan kompetisi milu sekian wahana dimanfaatin sepak bola pilih ideal untuk terminalmojok,positif
120,"Pemilihan Ketua Umum PSSI, Erick Thohir: Bukan Gak Mungkin Saya Kalah https://t.co/Bi25n003Hy #TempoSport",pilih ketua erick thohir kalah temposport,negatif
121,@panditfootball Bisa bisanya federasi pssi di isi sama orang yang engga punya otak,bisa federasi isi orang engga otak,positif
122,@SiaranBolaLive Tolong pssi bayarin sekolah suporter biar semua berpendidikan  ğŸ™,tolong bayarin sekolah suporter biar didik,positif
123,"@AndiePeci PSSI itu menjual fanatisme kedaerahan bukan sepakbolanya itu sendiri, jadi biar mainnya kyk tai, tetep banyak penggemarnyağŸ˜‹",jual fanatisme daerah sepakbolanya biar main kyk tai tetep gemar,negatif
124,@txtdrimedia Kalau yang ngomong PSSI mah sama aja,ngomong mah,netral
125,"@SiaranBolaLive Banyak bener bajer bajer yg ngedukung pssi, heran.. wkwkwk",bener bajer bajer ngedukung heran wkwkwk,negatif
126,"@CukaLinoo @RamaCrab23 @PSSI Disimak baikÂ², ga usah ngegas.
Ini sepak bola pantai. Bukan sepak bola lapangan hijau. Pelatihnya pun beda. Pelatih Timnas sepak bola pantai bernama Ida Nyoman Mahayasa. Yang dimaksud beliau adalah kompetisi bola pantai.",simak ngegas sepak bola pantai sepak bola lapang hijau latih beda latih timnas sepak bola pantai nama ida nyoman mahayasa beliau kompetisi bola pantai,netral
127,Naturalisasi seabreg. Juara kagak ğŸ¤£ğŸ¤£ğŸ¤£ https://t.co/PDVaa073L8,naturalisasi seabreg juara kagak,positif
128,@PSSI Borok...oknum suporter nyalain flare salah dihukum berat oknum aremania/yuli sumpil dkk salah dihukum ringan. Pssi sehat?,borok oknum suporter nyalain flare salah hukum berat oknum aremania yuli sumpil dkk salah hukum ringan sehat,negatif
129,@paratuka @MafiaWasit padahal PSSI kiblat nya semua federasi di duniağŸ™ŒğŸ»,kiblat federasi dunia,netral
130,Bisa ne @PSSI buat piala dunia u20 https://t.co/CHlmhX3pLw,ne piala dunia u,netral
131,PSSI emang pinter2 ya? ğŸ¤£ https://t.co/hVUNtQ2DCk,emang pinter,negatif
132,@panditfootball @PSSI &amp; exco nya yg seperti ini memang JANCOK!!!,amp exco jancok,netral
133,@PSSI Amin keren wong jawa,amin keren jawa,positif
134,"@PSSI Kalau perlu 11 pemain inti timnas diisi para pemain keturunan yg berkompetisi di eropa, moga itu bisa jadi motivasi para pemain lokal untuk bisa meningkatkan kempuannya lebih baik. Sambil @pssi perbaiki pembinaan usia dini dan kompetisi dalam negeri",main inti timnas isi main turun kompetisi eropa moga motivasi main lokal tingkat kempu baik bina usia kompetisi negeri,positif
135,"@panditfootball Sebenernya bisa diatur pak, bikin regulasi yang bagus. Jangan goblok terus dong pssi nya, rakyat jg capek ngadepinnya.",sebenernya atur bikin regulasi bagus goblok rakyat jg capek ngadepinnya,negatif
136,"@panditfootball Kecuali pak hasani. Pola pikir anggota pssi cmn cuan dan diri sendiri. Ga punya visi kedepan harus gmn. Isinya flashback mulu makanya ga majuÂ² malah mundur. Leader itu intropeksi diri untuk masa depan, bukan cari kesalaham di masa lampau ğŸ’€",kecuali hasan pola pikir anggota cmn cuan visi depan gmn isi flashback mulu maju mundur leader intropeksi cari kesalaham lampau,netral
137,PSSI sama Komentator/Host bulu tangkis inews sama aja https://t.co/nTmCzk6zNY,komentator host bulu tangkis inews,netral
138,inpo sekolah persuporteran dong @PSSI goblok! https://t.co/pVAV02zmPV,inpo sekolah suporter goblok,negatif
139,"Ya semoga saja ketum pssi berikutnya bisa nerapin regulasi 50+1 kaya di jerman, cuman ya balik lagi, sanggup tidak kalau harus terlibat dalam mengontrolnya hahahaha",moga tum nerapin regulasi kaya jerman cuman sanggup libat kontrol hahahaha,positif
140,"@CNNIndonesia @PSSI manajemen anda malah kayak anak buah dajjal

gas air mata lolos, kliatan TOLOL, GOBLOK ğŸ’©ğŸ‘ğŸ–•",manajemen kayak anak buah dajjal gas air mata lolos kliatan tolol goblok,negatif
141,@panditfootball yaa betul. Yang menyerang Aremania juga memang bukan anggota klub dan bukan anggota PSSI,yaa serang aremania anggota klub anggota,netral
142,@Sport77Official @PSSI bisa nggak?? Udah 2023 masak nggak bisa?,nggak udah masak nggak,netral
143,@CNNIndonesia Degradasiin Arema ke kasta ke 3 adalah bentuk pendidikan kepada suporter @PSSI .,degradasiin arema kasta bentuk didik suporter,positif
144,@manutd_world knp emyu klo urusan transfer tuh lama bngt kek naturalisasi pssi,world knp emyu klo urus transfer tuh bngt kek naturalisasi,netral
145,@AndiePeci Sampean lagek kroso kah...liga Indonesia gak bersih bersih amat bos...banyak yg bermain di kantor pssi,sampean lagek kroso kah liga indonesia bersih bersih bos main kantor,netral
146,"Rafi ahmad kebanyakan gaya pake dukung slh satu calon ketum pssi. Kalo emang cinta sepakbola, protes dong liga 1 tanpa degradasi. Jgn malah senang rans yg di papan bawah aman gak bakal turun kasta. Dr sini malah jadi keliatan kesan â€œgerombolanâ€ nya.",rafi ahmad banyak gaya pake dukung slh calon tum kalo emang cinta sepakbola protes liga degradasi jgn senang rans papan aman turun kasta dr liat kesan gerombol,negatif
147,"@dion2041793492 @PSSI Rasis bgt jamet ini, padahal pemain keturunan bukan naturalisasi, jepang juga banya skrg pemain keturunan bahkan vietnam dan thailand jg banyak pemain keturunan klo lo tolol minimal jagan rasis anti keturunan",ras bgt jamet main turun naturalisasi jepang banya skrg main turun vietnam thailand jg main turun klo lo tolol minimal jagan ras anti turun,negatif
148,"@CNNIndonesia Bentar-bentar coba di cerna dulu ya bpk"" dewan pssi yang budiman
1. Pemindahan jam pertandingan? DI PINDAH KARENA MAU CARI ENGAGEMENT?
2. Aturan gas air mata? Kan fifa udah ada aturannya!
3. Penanganan kericuhan? Bukannya udah ada SOP?
Owaja  kalo supporter yg kurang pendidikan",bentar bentar coba cerna bpk dewan budiman pindah jam tanding pindah cari engagement atur gas air mata fifa udah atur tangan ricuh udah sop owaja kalo supporter didik,positif
149,@MafiaWasit Orang2 lama di @PSSI belum pernah ngerasain jarum prentul masuk dalam perutnya. Ditunggu hasil KLB nanti,orang ngerasain jarum prentul masuk perut tunggu hasil klb,netral
150,"@ruangtaktik HAHAHA 
dikasih tau juga percuma, beralasan opini dari amatir blablabla
Sudah bebal &amp; tak mau menerima aturan yg sudah ada

Tapi kayaknya itu orang cocok kalo masuk jadi EXCO PSSI",hahaha kasih tau alas opini amatir blablabla bebal amp terima atur kayak orang cocok kalo masuk exco,netral
151,"Dinilai punya manajerial bagus dan bernyali, Kak @erickthohir satu-satunya calon ketua umum PSSI periode 2023-2027 yang terbaik. 

Sepak bola Indonesia membutuhkan sosok yang tepat untuk bisa mengubah manajemen ke arah yang lebih baik.
#ButuhNyaliBukanNyala https://t.co/1yGtHXEzJa",nilai manajerial bagus nyali kak satu calon ketua periode baik sepak bola indonesia butuh sosok ubah manajemen arah butuhnyalibukannyala,positif
152,TIDAK MUNGKIN @PSSI https://t.co/PzodwAQY6Q,,netral
153,@SiaranBolaLive PSSI baru nyadar kah lol,nyadar kah lol,netral
154,"Presiden Jokowi  memberikan restunya untuk kak Erick Thohir maju sebagai ketua umum PSSI, Erick Thohir diyakini bisa merombak sistem dan bisa menghadapi para mafia sepakbola

@erickthohir 
#ButuhNyaliBukanNyala https://t.co/z62gpHz4vQ",presiden jokowi restu kak erick thohir maju ketua erick thohir yakin rombak sistem hadap mafia sepakbola butuhnyalibukannyala,positif
155,"@CIBODASCREW @BBTHPERSIB @BSA_1933 lah,emang pssi merean duit ka persib?",emang mere duit ka persib,negatif
156,"Hayo loh!

Kalau Pak Edy Rahmayadi Ginting SUDah ikut berkomentar, berarti sepakbola Indonesia sedang tidak baik-baik saja!!

Sebab jika wartawannya baik maka, PSSi akan baik!! https://t.co/MVGLQEhgk9",hayo loh edy rahmayadi ginting komentar sepakbola indonesia wartawannya,netral
157,@PSSI Hidup naturalisasi,hidup naturalisasi,positif
158,"514. Sekedar pesan untuk para voters PSSI :
https://t.co/nYzU7nqqUS",dar pesan voters,netral
159,"@PSSI Markus, Hamka, Ismed, M ridwan, Hansamu, Firman, Ponaryo, evan dimas, Boaz, Egi, witan",markus hamka ismed m ridwan hansamu firman ponaryo evan mas boaz egi witan,netral
160,"@ldkbruv Naturalisasi gada batasnya menurut FIFA, tapi gatau di PSSI dan DPR gimana",naturalisasi gada batas fifa gatau dpr gimana,netral
161,"Pengen deh jadi bagian PSSI di era ET, gue yakin bakalan beda banget sistem manajemennya. Adakah pak @erickthohir ?",ken deh era et gue beda banget sistem manajemen ada,netral
162,@htrcsm @WidyaWurianto @SiaranBolaLive Kalo pssi kurang apa?,kalo,netral
163,"@CNNIndonesia betul, tapi masalahnya polisi sama pssi juga kurang pendidikan",polisi didik,positif
164,"Inilah klasemen sementara Liga 1 Indonesia 2022/23 ğŸ“ˆ

Di posisi berapa klub yang kalian dukung?

#Liga1 #Indonesia #PSSI #LIB https://t.co/3Qtn2O19wy",klasemen liga indonesia posisi klub dukung liga indonesia lib,netral
165,"Kak @erickthohir bertekad jika terpilih nanti, revolusi besar-besaran akan dilakukan jika memang diperlukan untuk perbaikan PSSI.
""Langkah awal ya bongkar. Kalau sesuatu kurang bagus ya bongkar, kita tata ulang. Yang sudah bagus dipertahankan,"" ujar Erick
#ButuhNyaliBukanNyala https://t.co/Y2PRn11euJ",kak tekad pilih revolusi besar baik langkah bongkar bagus bongkar tata ulang bagus tahan erick butuhnyalibukannyala,positif
166,@PSSI Siip. Isi naturalisasi saja. Liga dan ngurusin bibit2 pemain mah setelahnya,siip isi naturalisasi liga ngurusin bibit main mah telah,netral
167,"Nyalon Ketum PSSI, Ini Cara Erick Thohir Benahi Sepak Bola Indonesia https://t.co/lAOUyeQm36",nyalon tum erick thohir benah sepak bola indonesia,positif
168,@MataNajwa Ngapain sih ngurusi PSSI masih banyak urusan di DKI.,ngapain sih ngurusi urus dki,netral
169,@Hypatia212 @SiaranBolaLive Kenapa jd salah PSSI? Siapa yg keluarkan tiket melebihi kapasitas? Siapa yg represif menghadapi massa? Siapa yg ga terima hasil pertandingan?,jd salah keluar tiket lebih kapasitas represif hadap massa terima hasil tanding,negatif
170,"Pak Yunus Sanusi Sekjen PSSI sebut Erick Thohir adalah figur yang andal dan passionnya memang sepak bola.

Sepak bola di tangan @erickthohir pasti akan semakin baik.

#ButuhNyaliBukanNyala https://t.co/UsR577xqPu",yunus sanusi sekjen erick thohir figur andal passionnya sepak bola sepak bola tangan butuhnyalibukannyala,positif
171,Sya dukung Pak Erick Thohir jd Ketum PSSI selanjutnya https://t.co/ysRPZwnQEk,sya dukung erick thohir jd tum,netral
172,"@PSSI Saran buat PSSI, fokus beresin liga. Liga itu sangat mendasar dalam perkembangan sepakbola indonesia. Sayang aja banyak org yg berduit kaya raffi ahmad, sangat di sayangkan liganya  buruk sekali.",saran fokus resin liga liga dasar kembang sepakbola indonesia sayang org duit kaya raffi ahmad sayang liga buruk,positif
173,@panditfootball PSSI TOLOL GOBLOK,tolol goblok,negatif
174,"Baru baca tulisan mas @bepe20 dan kusetuju dengan yang dituliskan. 

https://t.co/yMsZdO5Ew7",baca tulis mas tuju tulis,netral
175,"@mazzini_gsp LNM ini bisa2nya jd ketua DPD RI. Emg gaada syarat SKCK gitu ya utk ngajuin jd calon ketuanya? Syarat jd caketum PSSI sih ada menyertakan SKCK, cmn gatau ya bisa lolos2 aja ğŸ˜‚",gsp lnm bisa jd ketua dpd ri emg gaada syarat skck gitu utk ngajuin jd calon ketua syarat jd caketum sih serta skck cmn gatau lolos,positif
176,"Bapak Jokowi pun memberikan restunya untuk kak Erick Thohir maju sebagai ketua umum PSSI, Erick Thohir diyakini bisa merombak sistem dan bisa menghadapi para mafia sepakbola

@erickthohir 
#BangkitBersamaET https://t.co/DRBJfcd89X",jokowi restu kak erick thohir maju ketua erick thohir yakin rombak sistem hadap mafia sepakbola bangkitbersamaet,positif
177,"@RaniaHumairah4 @WagimanDeep212_ @erickthohir ET 2022 ~ 2024 Ketum PSSI 
GP + ET ====&gt; Pilpres 2024
KP =====&gt; 2024 PSSI

#ngarep",et tum gp et gt pilpres kp gt ngarep,netral
178,@KucingNanase FIGC itu PSSI versi bule,figc versi bule,netral
179,@AndiePeci Bener. Saya juga semenjak pssi dan lib mencapai puncak komedinya yakni ketika menghentikan liga 2 dan 3 saya mulai stop nonton liga Indonesia. Dah malas liat kegoblokan mereka,bener semenjak lib capai puncak komedi henti liga stop nonton liga indonesia dah malas liat goblok,negatif
180,"@PSSI S7ğŸ‘, +2atau3 lagi",s,netral
181,"Selalu ciptakan Harmoni, Erick Thohir diyakini jadikan PSSI pasti berprestasi dan dengan pengalamannya di dunia sepakbola akan bisa menaikkan level timnas

@erickthohir 
#BangkitBersamaET https://t.co/TSESFXHxXU",cipta harmoni erick thohir yakin jadi prestasi alam dunia sepakbola naik level timnas bangkitbersamaet,positif
182,@SiaranBolaLive LAH KOK KURANG? EMANG PSSI PERNAH MENGEDUKASI SUPPORTER? MAAF CAPSLOCK JEBOL ğŸ™,emang edukasi supporter maaf capslock jebol,netral
183,@CNNIndonesia PSSI kurang tanggung jawab dan rasa malu.,tanggung malu,negatif
184,"Gak usah sungkan buat ngakuin kalo PBSI itu bener2 decline dari tahun ke tahun. Alasan macam 'negara lain juga berkembang' malah kek negasin kalo mereka bener2 otw jadi PSSI ke-2 sih hehe.

https://t.co/1CbDXUyAqC",sungkan ngakuin kalo pbsi bener decline alas negara kembang kek negasin kalo bener otw sih hehe,netral
185,"giliran pelanggarannya ke perangkat pertandingan cepet bener keknya tapi kalo yg bikin salah perangkat pertandingannya malah harus nunggu gerhana dulu baru ditindak, emang kalo urusan duit mah cepet lu pada @pt_lib @PSSI https://t.co/csgvEjLOvJ",gilir langgar perangkat tanding cepet bener kek kalo bikin salah perangkat tanding nunggu gerhana tindak emang kalo urus duit mah cepet lu lib,negatif
186,"Naturalisasi teroooos, mentok semifinal. https://t.co/o9eUz7de5l",naturalisasi teroooos mentok semifinal,negatif
187,@idextratime Tinggal daftar waketum PSSI aja dly,tinggal daftar waketum dly,netral
188,"Persebaya dan Persis sudah bulat mendukung Erick Thohir sebagai ketua umum PSSI, dua Club itu yakin Erick Thohir bisa membawa perubahan untuk sepakbola Indonesia yang sudah lama carut-marut

@erickthohir 
#BangkitBersamaET https://t.co/UsnPXJt3ac",baya persis bulat dukung erick thohir ketua club erick thohir bawa ubah sepakbola indonesia carut marut bangkitbersamaet,negatif
189,"Persib keur ngeunaheun &gt;niat dek one man one flare&gt; terus dihukum&gt; Mental tim jadi teu puguh&gt;maen butut&gt; terus ngeluh persibku digembosi pssi. 
Kitu weh terus ğŸ˜‚",persib keur ngeunaheun gt niat dek one man one flare gt hukum gt mental tim teu puguh gt maen butut gt ngeluh persibku gembos kitu weh,negatif
190,"@wildthoughts1x @SiaranBolaLive lek iku ancen guoblok get wkwk, cuma yo mosok lek suporter klub2 bersejarah bersatu gaisok ngalahi bobroke pssi ngunu lo, opo yo kudu onok tragedi baru saling simpati, soale lek aku dadi pemain ngenes soale, auto pindah haluan dadi wasit wkwk",lek iku ancen guoblok get wkwk yo mosok lek suporter klub sejarah satu gaisok ngalahi bobroke ngunu lo opo yo kudu onok tragedi simpati soale lek dadi main ngenes soale auto pindah haluan dadi wasit wkwk,negatif
191,"@BSA_1933 Ya PSSI harusnya menghukum berat adanya 2 orang meninggal karena gak ada sepakbola seharga nyawa , ya kenapa Persib gak dihukum atas adanya 2 nyawa melayang , saya setuju Persib harusnya degradasi aja sama kayak Arema harusnya degradasi udah ngilangin nyawa sekian orang.",hukum berat orang tinggal sepakbola harga nyawa persib hukum nyawa layang tuju persib degradasi kayak arema degradasi udah ngilangin nyawa sekian orang,negatif
192,@CNNIndonesia Mending krg pendidikan daripada PSSI kurang akhlak,mending krg didik akhlak,positif
193,"@putramansi @yusufkahfik @fareladhiyaksa_ Ngakuna mh pada benci pssi, tapi resep nyieun pssi meunangan cuan. Aneh.
Pami tos dilarang mah nya nurut w padahal mah, da nonton bola tanpa flare ge moal matak arateul awak",ngakuna mh benci resep nyieun meunangan cuan aneh pami tos larang mah nurut w mah da nonton bola flare ge moal matak arateul awak,negatif
194,"Mendapat Restu Dari Presiden @jokowi, Menteri BUMN @erickthohir siap bersih bersih
PSSI, karena saat ini PSSI hanya
#ButuhNyaliBukanNyala 

Part.1 https://t.co/rolBfxQHYC",restu presiden menteri bumn bersih bersih butuhnyalibukannyala part,netral
195,@mazzini_gsp Emang kalo daftar jadi ketum PSSI gak pake SKCK ya?,gsp emang kalo daftar tum pake skck,negatif
196,@SiaranBolaLive Pssi nya berpendidikan tapi pada gabisa kerja ga keliatan hasilnya,didik gabisa kerja liat hasil,positif
197,@PSSI terus masuk  liga indonesia terus main terus main longpasss directballlll bosennnn prosssseeeeeessssss kaya thailanddd lah bosssss,masuk liga indonesia main main longpasss directballlll bosennnn prosssseeeeeessssss kaya thailanddd bosssss,netral
198,"@KompasTV ET : ""Visi saya nyapres ğŸ˜‚ğŸ˜‚ğŸ˜‚ dan di PSSI hanya sementara"" #Uasuuu #DagelanCountry",et visi nyapres uasuuu dagelancountry,netral
199,samii tos teu resep lier ku pssi https://t.co/aQjj4PBH7H,sami tos teu resep lier ku,netral
200,@SiaranBolaLive Berarti PSSI nyalahin pemerintah dong? Kan tugas negara untuk pemerataan pendidikan. Hehe.,nyalahin perintah tugas negara perata didik hehe,positif
201,"Visi @erickthohir Mempersatukan Pesepakbolaan Indonesia Untuk Lebih Maju Dan Besar

Calon Ketua Umum PSSI Erick Thohir berbicara soal visinya untuk persepakbolaan Indonesia kedepan.

Erick Thohir mengaku sudah memiliki rencana bagi PSSI ke depan.
#ButuhNyaliBukanNyala https://t.co/DYWHAzjs9L",visi satu pesepakbolaan indonesia maju calon ketua erick thohir bicara visi persepakbolaan indonesia depan erick thohir aku milik rencana butuhnyalibukannyala,positif
202,"@PSSI wes gak bakalan krungu, ""budi, masih budi, ular piton~""",wes krungu budi budi ular piton,netral
203,@PSSI Arhan siap2 ketar ketir,arhan ketar tir,netral
204,"@panditfootball Suporter bagian klub, klub bagian PSSI jadi ini kesatuan yg utuh. Jika suporter gagal dlm hal fanatisme itu berarti ada yg salah dgn induk PSSI nya. Fanatisme bisa diarahkan asal regulasi nya jelas &amp; ketika suporter langgar itu yah klub &amp; suporter nya kena sanksi.",suporter klub klub satu utuh suporter gagal dlm fanatisme salah dgn induk fanatisme arah regulasi amp suporter langgar yah klub amp suporter kena sanksi,negatif
205,"Sekjen PSSI, Yunus Nusi menganggap bahwa Calon Ketua PSSI,Â Erick ThohirÂ mendapatkan dukungan dari mayoritas voters PSSI pada Kongres Luar Biasa (KLB) PSSI.
Yunus Nusi mengakui bahwaÂ Erick ThohirÂ mempunyai pengalaman segudang di dunia sepak bola. 
#ButuhNyaliBukanNyala https://t.co/hOfCL4y4CT",sekjen yunus nus anggap calon ketua erick thohir dukung mayoritas voters kongres klb yunus nus aku erick thohir alam gudang dunia sepak bola butuhnyalibukannyala,netral
206,"@panditfootball IDEALNYA EXCO PSSI DAN SMUANYA KLUAR SEKARANG JUGA, KARENA PSSI GA PUNYA PRESTASI SAMA SEKALI",ideal exco smuanya kluar prestasi,positif
207,"Gue bilang apa bebenah,pbsi lama"" udah kaya PSSIğŸ¤ª https://t.co/tzOQz8EZ6B",gue bilang bebenah pbsi udah kaya,netral
208,@panditfootball Orang ini harus angkat kaki dari PSSI. Gimanapun caranya.,orang angkat kaki gimanapun,netral
209,Liga Spanyol ( BolaUtama ) #SepakBolaIndonesia #ISL #PSSI,liga spanyol bolautama sepakbolaindonesia isl,netral
210,@panditfootball pendidikan kurang justru diedukasi. menanggap bagian dari PSSI? berarti exco selama ini gagal total.,didik edukasi tanggap exco gagal total,positif
211,"@Bimasofyan4 @erickthohir @chaterine_8 @no_onetoyou @Ruhi_Ruhi17 @how378_ @terbucinz @seruanhl @MARV3LLL @denni_sauya @Andracadabra1 @danidina21 Stuju, yakin PSSI makin moncer klo Pak Erick yg rombak semua dan sikat org2 kotor yg merugikan sepakbola Indonesia ditubuh PSSI selama ini",onetoyou ruh sauya stuju moncer klo erick rombak sikat org kotor rugi sepakbola indonesia tubuh,negatif
212,"@AremafcOfficial Emang susah ya kalo pemilik Arema punya jabatan di PSSI,minta usut tuntas tpi timnya nggak sadar diri SMa suporterny",emang susah kalo milik arema jabat usut tuntas tpi tim nggak sadar sma suporterny,netral
213,"Perantau Apresiasi Diadakannya Open Turnamen Pespa Cup 2023 di Nagari Nan Limo
@PSSI @KEMENPORA_RI @Kemdikbud_RI @Kemenparekraf @kemendespdtt

#bola2023 #BBTitans2023 #Juventus #ManchesterCity #ManchesterUnited

https://t.co/tbWzNROA89",rantau apresiasi ada open turnamen pespa cup nagari nan limo ri ri bola bbtitans juventus manchestercity manchesterunited,positif
214,"@ainurohman Semoga PBSI tidak sedang meniru dosa PSSI. Mau irit, tp targetnya tinggi.",moga pbsi tiru dosa irit tp target,negatif
215,@panditfootball kok bisa jadi ketua asprov pssi jatim ya bapak ini???,ketua asprov jatim,netral
216,"@panditfootball Terlalu banyak teori dan opini ga ada eksekusi
Dah lah @PSSI itu butuh orang yg mau &amp; bisa kerja, bukan cuma wacana
Better ganti semua pengurus PSSI, kalian itu sudah tua, lebih baik istirahat dan nikmati masa senja, perbanyak pahala bukan perbanyak dosa",teori opini eksekusi dah butuh orang amp kerja wacana better ganti urus tua istirahat nikmat senja banyak pahala banyak dosa,positif
217,@panditfootball Haduhhh selama masih diisi orang kayak gini PSSI gak bakal maju ğŸ¥²,haduhhh isi orang kayak gin maju,positif
218,@SiaranBolaLive Pssi yg berpendidikan emg becus kerjanya?,didik emg becus kerja,positif
219,@SiaranBolaLive Pssi kurang prestasi ğŸ˜ª,prestasi,positif
220,"@Bolanet Kalo sampe dia kepilih si bener"" asiuuu voters nya yg ga mau ada perubahan di @PSSI",kalo sampe pilih si bener asiuuu voters ubah,netral
221,"Ini masih sodara istrinya si admin sepertinya @zhikrii @bagpuupemdes , kita patut bangga..NKRI..harga mati !!! ğŸ‡®ğŸ‡©ğŸ‡®ğŸ‡© https://t.co/savHq0pEYF",sodara istri si admin patut bangga nkri harga mati,positif
222,"@16putiandamdewi @erickthohir Keren.
PSSI hebat ditangan Pak Erick Thohir nantinya",keren hebat tang erick thohir,positif
223,@anandadwi791 @donkim30 @MafiaWasit Di PSSI kekuatan Waketum dan Exco jauh lebih powerfull dari ketum,kuat waketum exco powerfull tum,positif
224,"Simak nih kalau Menteri BUMN Erick Thohir Jamin Kantongi Restu Presiden Jokowi untuk Maju Caketum PSSI!

#ButuhNyaliBukanNyala
https://t.co/M7KSlJgg58",simak nih menteri bumn erick thohir jamin kantong restu presiden jokowi maju caketum butuhnyalibukannyala,positif
225,@PSSI Naturalisasi pemain timnas cuma mengambil mimpi pemain pemain muda Indonesia yg sebenarnya sangat bisa bersaing dng mereka tapi tidak bisa terlihat krna pengelolaan akademi pemain muda yg nyaris tidak ada ato pengelolaan nya yg sangat buruk..,naturalisasi main timnas ambil mimpi main main muda indonesia saing dng krna kelola akademi main muda ato kelola buruk,negatif
226,"ğ”ğ©ğğšğ­ğ ğ¤ğ¥ğšğ¬ğğ¦ğğ§ ğğğ¤ğšğ§ ğ¤ğ-ğŸğŸ— ğ‹ğ¢ğ ğš ğŸ ğŸğŸğŸğŸ-ğŸğŸğŸğŸ‘

Papan atas memanas ğŸ‡

Zona degradasi (harusnya) juga ketat ğŸ˜

#Liga1 #Klasemen #Bolanusantara #Liga12022 #PSSI https://t.co/mzPGpcGBpS",papan panas zona degradasi ketat liga klasemen bolanusantara liga,negatif
227,"@panditfootball Bukannya selama ini @PSSI justru memelihara fanatisme buta, memelihara perselisihan antar suporter dengan berbagai cara kontroversial yg @PSSI buat sendiri.",pelihara fanatisme buta pelihara selisih suporter kontroversial,negatif
228,"@CNNIndonesia Ga nyambung bangsat
Sono PSSI kurang bekerja",nyambung bangsat sono,negatif
229,Erick Thohir Mendaftar Jadi Ketua Umum PSSI https://t.co/VpDoAYiN56,erick thohir daftar ketua,netral
230,Jalan terbaik buat sepakbola negara ini adalah bubarin federasinya ya itu @PSSI https://t.co/91BopMs1Fk,jalan baik sepakbola negara bubarin federasi,positif
231,@SiaranBolaLive Beasiswa pssi dong lk ngno,beasiswa lk ngno,positif
232,"@CNNIndonesia Polisi pakai gas air mata: *exist*

PSSI: ""INI SALAH SUPPORTER!""",polisi pakai gas air mata exist salah supporter,negatif
233,"Dinilai Sukses Tingkatkan Prestasi Olahraga, Menpora Amali Diminta Mundur dari Calon Waketum PSSI https://t.co/Bx23SuiQo2",nilai sukses tingkat prestasi olahraga menpora amal mundur calon waketum,positif
234,"@ichtiaradimas @mazzini_gsp Karena kalo masyarakat bisa milih, modal besar nih untuk jadi ketum pssi, sama kayk jadi presiden. Tapi masyarakat bisa berkontribusi melalui jalur suporter seperti yang kamu bilang itu.",gsp kalo masyarakat milih modal nih tum kayk presiden masyarakat kontribusi jalur suporter bilang,netral
235,@DzikryDedeng @BlueHooligan___ Bari ngomong kami digembosi pssi wkwk lawak,bari ngomong gembos wkwk lawak,negatif
236,@R79705253R @panditfootball @PSSI Itu yang harus diberantas Mas..,berantas mas,netral
237,"Dinilai Sukses Tingkatkan Prestasi Olahraga, Menpora Amali Diminta Mundur dari Calon Waketum PSSI https://t.co/SyHf1aLUbS",nilai sukses tingkat prestasi olahraga menpora amal mundur calon waketum,positif
238,@Doni_TemonKW @panditfootball @PSSI Ga untung mas nanti broadcast sama PSSI nyağŸ˜‚,temonkw untung mas broadcast,netral
239,@donkim30 @MafiaWasit Semuanya dihandle oleh ketun pssi yg konon katanya gk mau nyalonin lagi,dihandle ketun konon gk nyalonin,netral
240,"@panditfootball Udah ada uu keolahragaan yg mengatur suporter harus bagaimana, tinggal Pssi dan suporter bisa gak menjalankannya.",udah uu olahraga atur suporter tinggal suporter jalan,netral
241,"Erick Thohir memastikan adanya ketegasan dalam kepemimpinan PSSI jika nantinya terpilih.peraturan baru untuk menjaga kebersihan PSSI akan di tegakkan

#ButuhNyaliBukanNyala

#BangkitBersama https://t.co/YBQEmPfadj",erick thohir tegas pimpin pilih atur jaga bersih tegak butuhnyalibukannyala bangkitbersama,positif
242,@donkim30 @MafiaWasit Makanya dari dulu pak Umuh jengkelnya minta ampun ke PSSI krn kalo kasih sanksi sering ngawur.,umuh jengkel ampun krn kalo kasih sanksi ngawur,negatif
243,"@SiaranBolaLive Kalo PSSI isinya masih jg orgÂ² kaya' gini, berarti ya bener..! 

Udah tahu PSSI isinya org2 Corrupt..
Eh, masih jg mau2nya bayar tiket buat nonton bola. 

Sama jg ngasih mrk makan..

MAKSUDKU, BOIKOT TOLOL..!!",kalo isi jg org kaya gin bener udah isi org corrupt eh jg mau bayar tiket nonton bola jg ngasih mrk makan maksud boikot tolol,negatif
244,"Erick Thohir menegaskan bahwa tidak adanya keberpihakan jika terpilih sebagai ketua umum PSSI
#ButuhNyaliBukanNyala
#BangkitBersamaET https://t.co/NAW2VUhDuq",erick thohir pihak pilih ketua butuhnyalibukannyala bangkitbersamaet,netral
245,@SiaranBolaLive Mau heran tapi ini PSSI https://t.co/4WkIKkMk5Y,heran,negatif
246,@panditfootball Gobloknya ga ilang2 ni anggota lu @PSSI,goblok ilang ni anggota lu,negatif
247,"@panditfootball Enak aja mundur, di pssi uangnya banyak kok mundur",enak mundur uang mundur,negatif
248,"Persib Bandung Dapat Sanksi dari Komdis PSSI, Ternyata Ini Penyebabnya - https://t.co/u74eF0YdyO
#PERSIBBandung #SanksiPersib https://t.co/pp12Bky40w",persib bandung sanksi komdis sebab persibbandung sanksipersib,negatif
249,"Setuju, Fans dan PSSI nya juga sama. https://t.co/oc5OUg5Awh",tuju fans,netral
250,"@DikySoemarno Menpora palingan sampe 2024 , kalo jadi di PSSI periode 2023-2027 ,, lumayan lah ..",menpora paling sampe kalo periode lumayan,netral
251,"@WidyaWurianto @SiaranBolaLive Lah kok PSSI, emang suporter ga punya emak sma bapak,,",emang suporter emak sma,negatif
252,@hyvaikal Maap. Gak dulu nonton liganya pssi. ğŸ™,maap nonton liga,netral
253,"@SiaranBolaLive Kan emg bner, kok pada marah ? Supporter nya krg pendidikan, penyelenggara nya krg ajar, pssi nya kurang bnyak korupsi nya.",emg bner marah supporter krg didik selenggara krg ajar bnyak korupsi,negatif
254,@AremafcOfficial Nek aku dadi ketum pssi tak degradasi sampe kasta paling bawah klub tolol iki,nek dadi tum degradasi sampe kasta klub tolol iki,negatif
255,@ruangtaktik KiraÂ² menurut pandangan wasit PSSI offside apa eggk ya?,pandang wasit offside eggk,netral
256,Bacot ahh. Sama-sama koreksi. Sadar diri kalo GK BECUS @PSSI https://t.co/SP0Fb4DWKR,bacot ahh koreksi sadar kalo gk becus,positif
257,@MafiaWasit Emang di kantor PSSi boleh main kodok DZUMA??,emang kantor main kodok dzuma,negatif
258,PSSI KONTOL https://t.co/HJGOr7JLPT,kontol,netral
259,Padahal kau juga yg punya kewajiban mendidik suporter agar berperilaku terpuji baik didalam/luar stadion. Wes tuek watu sisan wongÂ²ane ng @PSSI njaluk ditabrak lari ro jhonson duet mbek eudora ğŸ™‚ğŸ‘ https://t.co/YdmE8uX0kH,kau wajib didik suporter perilaku puji dalam stadion wes tuek watu sis ane ng njaluk tabrak lari ro jhonson duet mbek eudora,positif
260,"@jemangggg @OckieAkew @manajemenbobrok Jiga nu karak apal PSSI wae nya omğŸ˜†,",jiga nu karak apal wae om,netral
261,"Secara aturan pssi dia melanggar tapi bukan secara norma hukum pidana. Sedangkan yang dia dapatkan foto tersebar luas, cacian dan makian padahal dia salah satu pendukung kalian @persib . ngeri bener anda @teddy_tjahjono",atur langgar norma hukum pidana dapat foto sebar luas caci maki salah dukung ngeri bener tjahjono,negatif
262,"Menurut Mori, sepak bola Indonesia meroket di tangan Erick Thohir -Amali
""Beres sdh sepak bola kita kl beliau memimpinÂ PSSI. Timnas Indonesia pst terjamin. Kompetisi Liga 1, 2, dan 3 lancar dan subsidi utk Asprov jg akan lancar. Saya pst mendukung mereka,""Â 
#ButuhNyaliBukanNyala https://t.co/JCP8d7PeHw",mori sepak bola indonesia roket tangan erick thohir amal beres sdh sepak bola kl beliau pimpin timnas indonesia pst jamin kompetisi liga lancar subsidi utk asprov jg lancar pst dukung butuhnyalibukannyala,positif
263,"Akun twitter PanditFootball membuat polling tentang figur yang layak memimpin federasi sepak bola Indonesia PSSI usai pendaftaran calon ketua umum PSSI.
Nama Erick Thohir mendapat 57 persen suara dan hasil ini berbeda jauh dengan lawan-lawannya.
#ButuhNyaliBukanNyala https://t.co/TjiGL5kYgP",akun twitter panditfootball polling figur layak pimpin federasi sepak bola indonesia daftar calon ketua nama erick thohir persen suara hasil beda lawan lawan butuhnyalibukannyala,negatif
264,@panditfootball Idealnya bapak ngga usah melibatkan diri lagi sih di kepengurusan pssi,ideal ngga libat sih urus,positif
265,@panditfootball Kalo ngomong gini orang  luar wajar lahh di dia bertahun-tahun di @PSSI,kalo ngomong gin orang wajar lahh tahun,positif
266,@SiaranBolaLive Anggota pssi juga gak bener ğŸ¤¡ cocok dah,anggota bener cocok dah,positif
267,"Makanya saya sdh Malas nonton sepakbola Indonesia, nyawa suporter ratusan enggak ada harganya di mata PSSI. https://t.co/RJHLmmSUEe",sdh malas nonton sepakbola indonesia nyawa suporter ratus harga mata,negatif
268,@dennies_12 @PSSI Yang main selama ini kan lokal pret ğŸ¤£,main lokal pret,netral
269,"Erick Thohir, balihonya dimana-mana sebagai CALON PRESIDEN RI. Sekarang, menjelang PilPres 2024 ikut calon Ketua Umum PSSI dgn membawa Raffi Ahmad, Kaesang, dll. Pinter dikitlah Pecinta Sepakbola Indonesia...!",erick thohir baliho mana calon presiden ri jelang pilpres calon ketua dgn bawa raffi ahmad kaesang dll pinter dikit cinta sepakbola indonesia,positif
270,@MafiaWasit kerja di PSSI dapet gaji berapa mbah,kerja dapet gaji mbah,positif
271,"Bisa lah confrence league asal ga di banned caferin @uefa_official asu  , pres @azzurri figc rasa pssi https://t.co/aSzYn7R7xH",confrence league banned caferin official asu pres figc,netral
272,@panditfootball salah satu nya karena elu msih ada dikalangan pssi pak tua,salah elu msih kalang tua,negatif
273,@tvOneNews Apa pssi juga larang pulisi bawa gas airmata ke stadion..,larang pulisi bawa gas airmata stadion,netral
274,"Sebentar Lagi Shayne Pattynama Ambil Sumpah Jadi WNI

https://t.co/RRx4Z95tTx

#sepakbola #ShaynePattynama #wni #timnasindonesia #pssi #beritabolaterbaru #beritabola #sepakbolaindonesia",sebentar shayne pattynama ambil sumpah wni sepakbola shaynepattynama wni timnasindonesia beritabolaterbaru beritabola sepakbolaindonesia,netral
275,@MafiaWasit Ngomong ae neng kantor pssi raono wifi gratis.,ngomong ae neng kantor raono wifi gratis,positif
276,"Yth PSSI bserta orang2nya, suporter Indonesia mungkin latar pendidikannya berbeda tp mreka punya tujuan yg sama. Mendorong klub ksayangannya utk makin profesional. Ambil positifnya. Rangkul mreka dg edukasi. Jgn malah diolok krn ngrasa kalian di PSSI tu lebih pintar &amp; berkuasa! https://t.co/qZgwZQFG55",yth bserta orang suporter indonesia latar didik beda tp mreka tuju dorong klub ksayangannya utk profesional ambil positif rangkul mreka dg edukasi jgn olok krn ngrasa tu pintar amp kuasa,positif
277,"@PSSI Barisan penyerang yang parah di AFF ... 
Di belakang (kecuali kiper) cukup bersainglah.",baris serang parah aff kecuali kiper saing,negatif
278,@panditfootball Ideal begini @PSSI . Perbaiki jadwal Liga Indonesia kearah yang lebih baik lagi. Jangan ada lagi main jam sore saat hari kerja Senin-Jumat. Karena mereka sudalah bolos kerja tim yg didukung pun kalah ee ditambah kinerja wasit yg kurang pas maka memuncaklah kekesalan mereka..,ideal baik jadwal liga indonesia arah main jam sore kerja senin jumat suda bolos kerja tim dukung kalah ee tambah kerja wasit pas puncak kesal,positif
279,@MafiaWasit Mbah Ra pengen melu daftar pengurus PSSI?,mbah ra ken melu daftar urus,netral
280,@PSSI tolong nihh exco di ruyiah ya kayaknya kerasukan iblis wajahnya kek tai ayam. nonton sepak bola di dalem negeri ama luar sama aja yang beda cuma poIisi indonesia menganggap suporter bola itu biang kerusuhan dan kriminal jdi yang pendidikannya kurang adalah si poIisi. https://t.co/1Lc3rG8X3S https://t.co/wXKBsAdUlz,tolong nihh exco ruyiah kayak rasuk iblis wajah kek tai ayam nonton sepak bola dalem negeri ama beda poiisi indonesia anggap suporter bola biang rusuh kriminal jdi didik si poiisi,negatif
281,"Lha PSSI punya child safeguarding policy ga? As far as I know, federasi harus punya panduan dan kebijakan tersebut yang nantinya dapat dijadikan pedoman klub. Bhutan FA sudah punya lengkap dengan reporting form btw https://t.co/J1aTHfpDy9",lha child safeguarding policy as far as i know federasi pandu bijak jadi pedoman klub bhutan fa lengkap reporting form btw,positif
282,@JukiHoki PSSI GAK ADA OTAK!!!,otak,netral
283,Dukung Erick Thohir Ketum PSSI #ButuhNyaliBukanNyala https://t.co/mzPWsl3cIL,dukung erick thohir tum butuhnyalibukannyala,netral
284,@SiaranBolaLive PSSI bisanya kan menyalahkan ğŸ˜…,bisa salah,netral
285,"Menteri BUMN @erickthohir berjanji akan bersih-bersih sepak bola Indonesia jika terpilh sebagai ketua umum PSSI. Ia memastikan tidak akan ada konflik kepentingan jika memimpin PSSI, sepak bola Indonesia harus dibongkar untuk dibangun kembali bersama-sama.
#ButuhNyaliBukanNyala https://t.co/8BT9PMs691",menteri bumn janji bersih bersih sepak bola indonesia terpilh ketua konflik penting pimpin sepak bola indonesia bongkar bangun butuhnyalibukannyala,netral
286,"Oknum bobotoh yang sempat nyalakan flare dilarang nonton Persib di Stadion seumur hidup

Upin Ipin Ginting Heni Rest is peace Ka'bah Menag Hujan kades PSSI
https://t.co/zKG1LiSrMx",oknum bobotoh nyala flare larang nonton persib stadion umur hidup upin ipin ginting heni rest is peace ka bah menag hujan kades,netral
287,luar negeri mana yg lau maksud ngab Riyadh Exco &amp; Ketua Asprov Jatim PSSI?? https://t.co/sqs0smJRyU,negeri lau maksud ngab riyadh exco amp ketua asprov jatim,netral
288,"@PartaiSocmed Tinggal DPD disogok, pegang ketuanya kasih dia rangkap jabatan ketua PSSI jadilah itu barang amandemen UUD seperti yang diinginkan jokowi ğŸ˜‚
https://t.co/3BXHf7PrXY",tinggal dpd sogok pegang ketua kasih rangkap jabat ketua barang amandemen uud jokowi,netral
289,"@erickthohir @PSSI Kalo berani sikat semua exco lama tanpa terkecuali, jangan malah minta dibekingin,
Oiya pak, segerbong sama ZA juga bakal mencoreng kredibilitas bapak, pelawak gausah dikasih panggung pak, nanti bikin statmen aneh2 di media",kalo berani sikat exco kecuali dibekingin oiya gerbong za coreng kredibilitas lawak gausah kasih panggung bikin statmen aneh media,netral
290,@panditfootball Dahlah ga usah nonton produk pssi,dah nonton produk,netral
291,"Erick Thohir Pastikan Tidak akan Ada Konflik Kepentingan Jika Memimpin PSSI.
@erickthohir 
#ButuhNyaliBukanNyala https://t.co/lCgEOLJLpr",erick thohir pasti konflik penting pimpin butuhnyalibukannyala,netral
292,@panditfootball Hahaha... ğŸ¤£ğŸ¤£ nih si riyadh @PSSI udah tau ga kompeten masih aja mengeluarkan statement... udah kau di federasi lato-lato aja,hahaha nih si riyadh udah tau kompeten keluar statement udah kau federasi lato lato,positif
293,@dennies_12 @PSSI udah ga percaya lokal pret mainnya jelek,udah percaya lokal pret main jelek,netral
294,@panditfootball Lahhhh yg milih dia jadi exco kan clubs anggota PSSI dan asprov. Jadi kesimpulannya balik ke mereka yg punya hak suara di kongres PSSI mau berubah atau tidak.,lahhhh milih exco clubs anggota asprov simpul hak suara kongres ubah,netral
295,"@panditfootball Ujung muaranyA di PSSI nah bapak ngapain aja di PSSI? 
hidihhh...",ujung muara ngapain hidihhh,netral
296,"@SiaranBolaLive Intinya semuanya tolol, mau pssi , LIB dan juga supporternya, akui saja",inti tolol lib supporternya aku,negatif
297,"@ibamhariri Lagian udh tahu akun anonim pake direspon bro hehehe, ngetik pssi aja pake simbol $ kaya udh yg paling tahu aja fakta pssi itu gimana dalemnya si akungoceh ğŸ˜‚",udh akun anonim pake direspon bro hehehe ngetik pake simbol kaya udh fakta gimana dalem si akungoceh,positif
298,Sing ora due pendidikan tulih koe su asu @PSSI https://t.co/0ogBiZ3RFE,sing ora due didik tulih koe su asu,positif
299,@PSSI Makin Keren nantinya kalau dipimpin Bang @erickthohir https://t.co/Otivd4cPOQ,keren pimpin bang,positif
300,El Clasico PSSI Erick Vs La Nyalla,el clasico erick vs la nyalla,netral
301,Menpora Minta Doa untuk Kesembuhan Eks Ketum PSSI Azwar Anas,menpora doa sembuh eks tum azwar anas,netral
302,La Nyalla: Industri Sepakbola Indonesia Harus Mandiri,la nyalla industri sepakbola indonesia mandiri,positif
303,"Park Hang-seo Bantah Latih Timnas Indonesia, Puji Shin Tae-yong Berkeja Baik",park hang seo bantah latih timnas indonesia puji shin tae yong berkeja,negatif
304,Manuver Erick Thohir Saingi La Nyala Daftar Caketum PSSI,manuver erick thohir saing la nyala daftar caketum,netral
305,Dewa United Dukung Lexyndo Hakim Jadi Anggota Exco PSSI,dewa united dukung lexyndo hakim anggota exco,netral
306,Ketua Asprov PSSI Jatim Ungkap Ada Klub Liga 1 Tak Punya Suporter,ketua asprov jatim klub liga suporter,netral
307,Coretan 'PSSI Bangsat' Muncul di Medan Buntut Liga 2 Dihentikan,coret bangsat muncul medan buntut liga henti,negatif
308,Poster 'Daur Ulang PSSI' Tersebar di Makassar Jelang KLB,poster daur ulang sebar makassar jelang klb,netral
309,"Jadi Balon Anggota Exco PSSI, Monica Mau Perjuangkan Sepakbola Wanita",balon anggota exco monica juang sepakbola wanita,netral
